<?xml version="1.0" encoding="utf-8" standalone="no"?>
<!DOCTYPE properties SYSTEM "http://java.sun.com/dtd/properties.dtd">
<properties>
<comment/>
<entry key="version">1.0</entry>
<entry key="program">paris</entry>
<entry key="email">jianghongtiao@gmail.com</entry>
<entry key="author">JiangHongTiao</entry>

<!-- Default settings for site-search plugins -->
<!-- how many links to follow in site search -->
<entry key="ssp-default-max-search-limit">1000</entry>

<!-- Settings for site-search plugin: FOAF.sk -->
<!-- how many links to follow in site search -->
<entry key="ssp-foafsk-max-search-limit">1000</entry>
<!-- transformation template to transform page with search results to XML
     file. Result file must be valid to XML Schema file SearchService.xsd -->
<entry key="ssp-foafsk-search-result-transformer">resources/transform/site-search/foafSkSearchResults.xslt</entry>

</properties>
