<?xml version="1.0" encoding="UTF-8"?>

<!--
    Document   : answer_fo.xml
    Created on : March 14, 2011, 1:40 PM
    Author     : xjuraj
    Description:
        Purpose of the document follows.
-->

<foo:Ares_odpovedi  xmlns:xsi='http://www.w3.org/2001/XMLSchema-instance'
   xmlns:ns1='http://wwwinfo.mfcr.cz/ares/xml_doc/schemas/ares/ares_datatypes/v_1.0.4'
   xmlns:foo='http://wwwinfo.mfcr.cz/ares/xml_doc/schemas/ares/ares_answer_fo/v_1.0.0'
   xsi:schemaLocation='http://wwwinfo.mfcr.cz/ares/xml_doc/schemas/ares/ares_answer_fo/v_1.0.0 file:/home/xjuraj/Projects/master-thesis/program/ares-api/src/main/resources/xml_doc/schemas/ares/ares_answer_fo/v_1.0.0/ares_answer_fo.xsd' odpoved_datum_cas="" odpoved_typ="fo" vystup_format="HTML" xslt="klient" Id="">
    <foo:Odpoved>
        <ns1:Pomocne_ID></ns1:Pomocne_ID>
        <ns1:Error>
            <ns1:Error_kod></ns1:Error_kod>
            <ns1:Error_text></ns1:Error_text>
        </ns1:Error>
        <ns1:Help>
            <ns1:R></ns1:R>
            <ns1:R></ns1:R>
            <ns1:R></ns1:R>
        </ns1:Help>
        <ns1:V>
            <ns1:S>
                <ns1:stav></ns1:stav>
                <ns1:ico></ns1:ico>
                <ns1:Klic_ARES></ns1:Klic_ARES>
                <ns1:rc></ns1:rc>
                <ns1:ojm></ns1:ojm>
                <ns1:jmn></ns1:jmn>
                <ns1:zdr></ns1:zdr>
                <ns1:ang></ns1:ang>
                <ns1:klic></ns1:klic>
            </ns1:S>
            <ns1:S>
                <ns1:stav></ns1:stav>
                <ns1:ico></ns1:ico>
                <ns1:Klic_ARES></ns1:Klic_ARES>
                <ns1:rc></ns1:rc>
                <ns1:ojm></ns1:ojm>
                <ns1:jmn></ns1:jmn>
                <ns1:zdr></ns1:zdr>
                <ns1:ang></ns1:ang>
                <ns1:klic></ns1:klic>
            </ns1:S>
            <ns1:S>
                <ns1:stav></ns1:stav>
                <ns1:ico></ns1:ico>
                <ns1:Klic_ARES></ns1:Klic_ARES>
                <ns1:rc></ns1:rc>
                <ns1:ojm></ns1:ojm>
                <ns1:jmn></ns1:jmn>
                <ns1:zdr></ns1:zdr>
                <ns1:ang></ns1:ang>
                <ns1:klic></ns1:klic>
            </ns1:S>
        </ns1:V>
        <ns1:V>
            <ns1:S>
                <ns1:stav></ns1:stav>
                <ns1:ico></ns1:ico>
                <ns1:Klic_ARES></ns1:Klic_ARES>
                <ns1:rc></ns1:rc>
                <ns1:ojm></ns1:ojm>
                <ns1:jmn></ns1:jmn>
                <ns1:zdr></ns1:zdr>
                <ns1:ang></ns1:ang>
                <ns1:klic></ns1:klic>
            </ns1:S>
            <ns1:S>
                <ns1:stav></ns1:stav>
                <ns1:ico></ns1:ico>
                <ns1:Klic_ARES></ns1:Klic_ARES>
                <ns1:rc></ns1:rc>
                <ns1:ojm></ns1:ojm>
                <ns1:jmn></ns1:jmn>
                <ns1:zdr></ns1:zdr>
                <ns1:ang></ns1:ang>
                <ns1:klic></ns1:klic>
            </ns1:S>
            <ns1:S>
                <ns1:stav></ns1:stav>
                <ns1:ico></ns1:ico>
                <ns1:Klic_ARES></ns1:Klic_ARES>
                <ns1:rc></ns1:rc>
                <ns1:ojm></ns1:ojm>
                <ns1:jmn></ns1:jmn>
                <ns1:zdr></ns1:zdr>
                <ns1:ang></ns1:ang>
                <ns1:klic></ns1:klic>
            </ns1:S>
        </ns1:V>
        <ns1:V>
            <ns1:S>
                <ns1:stav></ns1:stav>
                <ns1:ico></ns1:ico>
                <ns1:Klic_ARES></ns1:Klic_ARES>
                <ns1:rc></ns1:rc>
                <ns1:ojm></ns1:ojm>
                <ns1:jmn></ns1:jmn>
                <ns1:zdr></ns1:zdr>
                <ns1:ang></ns1:ang>
                <ns1:klic></ns1:klic>
            </ns1:S>
            <ns1:S>
                <ns1:stav></ns1:stav>
                <ns1:ico></ns1:ico>
                <ns1:Klic_ARES></ns1:Klic_ARES>
                <ns1:rc></ns1:rc>
                <ns1:ojm></ns1:ojm>
                <ns1:jmn></ns1:jmn>
                <ns1:zdr></ns1:zdr>
                <ns1:ang></ns1:ang>
                <ns1:klic></ns1:klic>
            </ns1:S>
            <ns1:S>
                <ns1:stav></ns1:stav>
                <ns1:ico></ns1:ico>
                <ns1:Klic_ARES></ns1:Klic_ARES>
                <ns1:rc></ns1:rc>
                <ns1:ojm></ns1:ojm>
                <ns1:jmn></ns1:jmn>
                <ns1:zdr></ns1:zdr>
                <ns1:ang></ns1:ang>
                <ns1:klic></ns1:klic>
            </ns1:S>
        </ns1:V>
        <ns1:Pocet_zaznamu></ns1:Pocet_zaznamu>
    </foo:Odpoved>
    <foo:Odpoved>
        <ns1:Pomocne_ID></ns1:Pomocne_ID>
        <ns1:Error>
            <ns1:Error_kod></ns1:Error_kod>
            <ns1:Error_text></ns1:Error_text>
        </ns1:Error>
        <ns1:Help>
            <ns1:R></ns1:R>
            <ns1:R></ns1:R>
            <ns1:R></ns1:R>
        </ns1:Help>
        <ns1:V>
            <ns1:S>
                <ns1:stav></ns1:stav>
                <ns1:ico></ns1:ico>
                <ns1:Klic_ARES></ns1:Klic_ARES>
                <ns1:rc></ns1:rc>
                <ns1:ojm></ns1:ojm>
                <ns1:jmn></ns1:jmn>
                <ns1:zdr></ns1:zdr>
                <ns1:ang></ns1:ang>
                <ns1:klic></ns1:klic>
            </ns1:S>
            <ns1:S>
                <ns1:stav></ns1:stav>
                <ns1:ico></ns1:ico>
                <ns1:Klic_ARES></ns1:Klic_ARES>
                <ns1:rc></ns1:rc>
                <ns1:ojm></ns1:ojm>
                <ns1:jmn></ns1:jmn>
                <ns1:zdr></ns1:zdr>
                <ns1:ang></ns1:ang>
                <ns1:klic></ns1:klic>
            </ns1:S>
            <ns1:S>
                <ns1:stav></ns1:stav>
                <ns1:ico></ns1:ico>
                <ns1:Klic_ARES></ns1:Klic_ARES>
                <ns1:rc></ns1:rc>
                <ns1:ojm></ns1:ojm>
                <ns1:jmn></ns1:jmn>
                <ns1:zdr></ns1:zdr>
                <ns1:ang></ns1:ang>
                <ns1:klic></ns1:klic>
            </ns1:S>
        </ns1:V>
        <ns1:V>
            <ns1:S>
                <ns1:stav></ns1:stav>
                <ns1:ico></ns1:ico>
                <ns1:Klic_ARES></ns1:Klic_ARES>
                <ns1:rc></ns1:rc>
                <ns1:ojm></ns1:ojm>
                <ns1:jmn></ns1:jmn>
                <ns1:zdr></ns1:zdr>
                <ns1:ang></ns1:ang>
                <ns1:klic></ns1:klic>
            </ns1:S>
            <ns1:S>
                <ns1:stav></ns1:stav>
                <ns1:ico></ns1:ico>
                <ns1:Klic_ARES></ns1:Klic_ARES>
                <ns1:rc></ns1:rc>
                <ns1:ojm></ns1:ojm>
                <ns1:jmn></ns1:jmn>
                <ns1:zdr></ns1:zdr>
                <ns1:ang></ns1:ang>
                <ns1:klic></ns1:klic>
            </ns1:S>
            <ns1:S>
                <ns1:stav></ns1:stav>
                <ns1:ico></ns1:ico>
                <ns1:Klic_ARES></ns1:Klic_ARES>
                <ns1:rc></ns1:rc>
                <ns1:ojm></ns1:ojm>
                <ns1:jmn></ns1:jmn>
                <ns1:zdr></ns1:zdr>
                <ns1:ang></ns1:ang>
                <ns1:klic></ns1:klic>
            </ns1:S>
        </ns1:V>
        <ns1:V>
            <ns1:S>
                <ns1:stav></ns1:stav>
                <ns1:ico></ns1:ico>
                <ns1:Klic_ARES></ns1:Klic_ARES>
                <ns1:rc></ns1:rc>
                <ns1:ojm></ns1:ojm>
                <ns1:jmn></ns1:jmn>
                <ns1:zdr></ns1:zdr>
                <ns1:ang></ns1:ang>
                <ns1:klic></ns1:klic>
            </ns1:S>
            <ns1:S>
                <ns1:stav></ns1:stav>
                <ns1:ico></ns1:ico>
                <ns1:Klic_ARES></ns1:Klic_ARES>
                <ns1:rc></ns1:rc>
                <ns1:ojm></ns1:ojm>
                <ns1:jmn></ns1:jmn>
                <ns1:zdr></ns1:zdr>
                <ns1:ang></ns1:ang>
                <ns1:klic></ns1:klic>
            </ns1:S>
            <ns1:S>
                <ns1:stav></ns1:stav>
                <ns1:ico></ns1:ico>
                <ns1:Klic_ARES></ns1:Klic_ARES>
                <ns1:rc></ns1:rc>
                <ns1:ojm></ns1:ojm>
                <ns1:jmn></ns1:jmn>
                <ns1:zdr></ns1:zdr>
                <ns1:ang></ns1:ang>
                <ns1:klic></ns1:klic>
            </ns1:S>
        </ns1:V>
        <ns1:Pocet_zaznamu></ns1:Pocet_zaznamu>
    </foo:Odpoved>
    <foo:Odpoved>
        <ns1:Pomocne_ID></ns1:Pomocne_ID>
        <ns1:Error>
            <ns1:Error_kod></ns1:Error_kod>
            <ns1:Error_text></ns1:Error_text>
        </ns1:Error>
        <ns1:Help>
            <ns1:R></ns1:R>
            <ns1:R></ns1:R>
            <ns1:R></ns1:R>
        </ns1:Help>
        <ns1:V>
            <ns1:S>
                <ns1:stav></ns1:stav>
                <ns1:ico></ns1:ico>
                <ns1:Klic_ARES></ns1:Klic_ARES>
                <ns1:rc></ns1:rc>
                <ns1:ojm></ns1:ojm>
                <ns1:jmn></ns1:jmn>
                <ns1:zdr></ns1:zdr>
                <ns1:ang></ns1:ang>
                <ns1:klic></ns1:klic>
            </ns1:S>
            <ns1:S>
                <ns1:stav></ns1:stav>
                <ns1:ico></ns1:ico>
                <ns1:Klic_ARES></ns1:Klic_ARES>
                <ns1:rc></ns1:rc>
                <ns1:ojm></ns1:ojm>
                <ns1:jmn></ns1:jmn>
                <ns1:zdr></ns1:zdr>
                <ns1:ang></ns1:ang>
                <ns1:klic></ns1:klic>
            </ns1:S>
            <ns1:S>
                <ns1:stav></ns1:stav>
                <ns1:ico></ns1:ico>
                <ns1:Klic_ARES></ns1:Klic_ARES>
                <ns1:rc></ns1:rc>
                <ns1:ojm></ns1:ojm>
                <ns1:jmn></ns1:jmn>
                <ns1:zdr></ns1:zdr>
                <ns1:ang></ns1:ang>
                <ns1:klic></ns1:klic>
            </ns1:S>
        </ns1:V>
        <ns1:V>
            <ns1:S>
                <ns1:stav></ns1:stav>
                <ns1:ico></ns1:ico>
                <ns1:Klic_ARES></ns1:Klic_ARES>
                <ns1:rc></ns1:rc>
                <ns1:ojm></ns1:ojm>
                <ns1:jmn></ns1:jmn>
                <ns1:zdr></ns1:zdr>
                <ns1:ang></ns1:ang>
                <ns1:klic></ns1:klic>
            </ns1:S>
            <ns1:S>
                <ns1:stav></ns1:stav>
                <ns1:ico></ns1:ico>
                <ns1:Klic_ARES></ns1:Klic_ARES>
                <ns1:rc></ns1:rc>
                <ns1:ojm></ns1:ojm>
                <ns1:jmn></ns1:jmn>
                <ns1:zdr></ns1:zdr>
                <ns1:ang></ns1:ang>
                <ns1:klic></ns1:klic>
            </ns1:S>
            <ns1:S>
                <ns1:stav></ns1:stav>
                <ns1:ico></ns1:ico>
                <ns1:Klic_ARES></ns1:Klic_ARES>
                <ns1:rc></ns1:rc>
                <ns1:ojm></ns1:ojm>
                <ns1:jmn></ns1:jmn>
                <ns1:zdr></ns1:zdr>
                <ns1:ang></ns1:ang>
                <ns1:klic></ns1:klic>
            </ns1:S>
        </ns1:V>
        <ns1:V>
            <ns1:S>
                <ns1:stav></ns1:stav>
                <ns1:ico></ns1:ico>
                <ns1:Klic_ARES></ns1:Klic_ARES>
                <ns1:rc></ns1:rc>
                <ns1:ojm></ns1:ojm>
                <ns1:jmn></ns1:jmn>
                <ns1:zdr></ns1:zdr>
                <ns1:ang></ns1:ang>
                <ns1:klic></ns1:klic>
            </ns1:S>
            <ns1:S>
                <ns1:stav></ns1:stav>
                <ns1:ico></ns1:ico>
                <ns1:Klic_ARES></ns1:Klic_ARES>
                <ns1:rc></ns1:rc>
                <ns1:ojm></ns1:ojm>
                <ns1:jmn></ns1:jmn>
                <ns1:zdr></ns1:zdr>
                <ns1:ang></ns1:ang>
                <ns1:klic></ns1:klic>
            </ns1:S>
            <ns1:S>
                <ns1:stav></ns1:stav>
                <ns1:ico></ns1:ico>
                <ns1:Klic_ARES></ns1:Klic_ARES>
                <ns1:rc></ns1:rc>
                <ns1:ojm></ns1:ojm>
                <ns1:jmn></ns1:jmn>
                <ns1:zdr></ns1:zdr>
                <ns1:ang></ns1:ang>
                <ns1:klic></ns1:klic>
            </ns1:S>
        </ns1:V>
        <ns1:Pocet_zaznamu></ns1:Pocet_zaznamu>
    </foo:Odpoved>
    <foo:Fault>
        <ns1:faultcode></ns1:faultcode>
        <ns1:faultstring></ns1:faultstring>
    </foo:Fault>

</foo:Ares_odpovedi>
