<?xml version="1.0" encoding="utf-8" standalone="no"?>
<!DOCTYPE properties SYSTEM "http://java.sun.com/dtd/properties.dtd">
<properties>
<comment/>
<entry key="version">1.0</entry>
<!-- 
 * possible values: 
   * test - means, test file (ares-api-test-file) is used instead of searching and downloading content from ares
   * onair - program will search in ares system and get real result of search. 
 -->
<entry key="runType">onair</entry>
<!-- 
 * location of the file used instead of downloading and searching in ares system.
 * sample file of ares response
 -->
<entry key="ares-api-test-file">test-files/ares_fo.cgi.xml</entry>

<!-- 
 * program info
 -->
<entry key="program">paris</entry>
<entry key="email">jianghongtiao@gmail.com</entry>
<entry key="author">JiangHongTiao</entry>
</properties>
