<?xml version="1.0" encoding="UTF-8"?>
<?xml-stylesheet type="text/xsl" href="C:\ares\xml_doc\xxxxslt\ir\ir_h1.0.4.xsl"?>
<are:Ares_odpovedi vystup_format="XML" odpoved_typ="Vypis_IR" odpoved_pocet="1" Id="ares" odpoved_datum_cas="2009-08-21T12:30:47" xslt="klient" validation_XSLT="String" xsi:schemaLocation="/ares/xml_doc/schemas/ares/ares_answer_ir/v_1.0.4 ares_answer_ir_v_1.0.4.xsd" xmlns:are="/ares/xml_doc/schemas/ares/ares_answer_ir/v_1.0.4" xmlns:dtt="/ares/xml_doc/schemas/ares/ares_datatypes/v_1.0.4" xmlns:xsi="http://www.w3.org/2001/XMLSchema-instance">
<are:Odpoved>
<dtt:Pomocne_ID>1</dtt:Pomocne_ID>
<dtt:Vysledek_hledani>
<dtt:Kod>1</dtt:Kod>
</dtt:Vysledek_hledani>
<dtt:Pocet_zaznamu>2</dtt:Pocet_zaznamu>
<dtt:Vypis_IR>
<dtt:Uvod>
<dtt:Nadpis>Výpis z insolvenčního rejstříku v ARES</dtt:Nadpis>
<dtt:Aktualizace_DB>2009-08-21</dtt:Aktualizace_DB>
<dtt:Datum_vypisu>2009-08-21</dtt:Datum_vypisu>
<dtt:Cas_vypisu>12:30:00</dtt:Cas_vypisu>
<dtt:Typ_vypisu>aktualni</dtt:Typ_vypisu>
<dtt:Typ_odkazu>0</dtt:Typ_odkazu>
</dtt:Uvod>
<dtt:Zakladni_udaje>
<dtt:Platnost_od>2009-08-21</dtt:Platnost_od>
<dtt:Klic_ARES>1234560</dtt:Klic_ARES>
<dtt:Stav>8</dtt:Stav>
<dtt:Spisova_znacka>
<dtt:Soud>
<dtt:Kod>7</dtt:Kod>
<dtt:Text>Krajský soud v Brně</dtt:Text>
</dtt:Soud>
<dtt:Oddil_vlozka>KSBR 26 INS 630 / 2008</dtt:Oddil_vlozka>
</dtt:Spisova_znacka>
<dtt:Osoba>
<dtt:Role>1</dtt:Role>
<dtt:PF>6</dtt:PF>
<dtt:Typ>4</dtt:Typ>
<dtt:Obchodni_firma>BYBLOS, electronic services, spol. s r.o. v likvidaci</dtt:Obchodni_firma>
<dtt:ICO>48910864</dtt:ICO>
<dtt:Adresy>
<dtt:Adresa>
<dtt:ID_adresy>123450</dtt:ID_adresy>
<dtt:Kod_adresy>6</dtt:Kod_adresy>
<dtt:Obec>Brno</dtt:Obec>
<dtt:Ulice>Lidická 25/27, PSČ 602 00</dtt:Ulice>
</dtt:Adresa>
</dtt:Adresy>
</dtt:Osoba>
</dtt:Zakladni_udaje>
<dtt:Insolvencni_spravci>
<dtt:I_spravce>
<dtt:Typ>6</dtt:Typ>
<dtt:Osoba>
<dtt:Role>2</dtt:Role>
<dtt:Nazev_osoby>JUDr. Jan Novák, CSc.</dtt:Nazev_osoby>
<dtt:RC>8911170001</dtt:RC>
<dtt:Datum_narozeni>1989-11-17</dtt:Datum_narozeni>
<dtt:Adresy>
<dtt:Adresa>
<dtt:ID_adresy>9876540</dtt:ID_adresy>
<dtt:Kod_adresy>1</dtt:Kod_adresy>
<dtt:Platnost_od>2009-08-21</dtt:Platnost_od>
<dtt:Obec>Brno</dtt:Obec>
<dtt:Ulice>Vymyšlená 123</dtt:Ulice>
<dtt:Okres>Brno-východ</dtt:Okres>
<dtt:Stat>Česká republika</dtt:Stat>
<dtt:Telefon>555 666 777</dtt:Telefon>
<dtt:Fax>111 222 333</dtt:Fax>
</dtt:Adresa>
</dtt:Adresy>
</dtt:Osoba>
</dtt:I_spravce>
</dtt:Insolvencni_spravci>
<dtt:Historie>
<dtt:A>
<dtt:V>
<dtt:Poradi>1</dtt:Poradi>
<dtt:Vznik>2008-01-31 14:29:45.000</dtt:Vznik>
<dtt:Popis>Insolvenční návrh</dtt:Popis>
<dtt:Id>5</dtt:Id>
<dtt:Uri>https://isir.justice.cz/isir/doc/dokument.PDF?rowid=AAAE1GAALAAAQf8ABD</dtt:Uri>
</dtt:V>
<dtt:V>
<dtt:Poradi>2</dtt:Poradi>
<dtt:Vznik>2008-01-31 14:56:45.000</dtt:Vznik>
<dtt:Popis>Vyhláška o zahájení insolvenčního řízení </dtt:Popis>
<dtt:Id>185</dtt:Id>
<dtt:Uri>https://isir.justice.cz/isir/doc/dokument.PDF?rowid=AAAE1GAALAAAQf8ABj</dtt:Uri>
<dtt:Platnost_do>2009-08-21</dtt:Platnost_do>
</dtt:V>
<dtt:V>
<dtt:Poradi>3</dtt:Poradi>
<dtt:Vznik>2008-02-04 14:00:00.000</dtt:Vznik>
<dtt:Popis>Usnesení o odmítnutí insolvenčního návrhu</dtt:Popis>
<dtt:Id>72</dtt:Id>
<dtt:Uri>https://isir.justice.cz/isir/doc/dokument.PDF?rowid=AAAE1GAAHAAAc%2BMABt</dtt:Uri>
</dtt:V>
</dtt:A>
<dtt:B>
<dtt:V>
<dtt:Poradi>1</dtt:Poradi>
<dtt:Vznik>2009-02-05 10:44:45.123</dtt:Vznik>
<dtt:Popis>PŘÍKLAD s ukončenou platností</dtt:Popis>
<dtt:Id>1</dtt:Id>
<dtt:Uri>https://isir.justice.cz/isir/doc/dokument.PDF?rowid=AAAE1GAAHAAAc%2BMABt</dtt:Uri>
<dtt:Platnost_do>2009-02-05</dtt:Platnost_do>
</dtt:V>
</dtt:B>
</dtt:Historie>
</dtt:Vypis_IR>
<dtt:Vypis_IR>
<dtt:Uvod>
<dtt:Nadpis>Výpis z insolvenčního rejstříku v ARES</dtt:Nadpis>
<dtt:Aktualizace_DB>2009-08-21</dtt:Aktualizace_DB>
<dtt:Datum_vypisu>2009-08-21</dtt:Datum_vypisu>
<dtt:Cas_vypisu>12:30:00</dtt:Cas_vypisu>
<dtt:Typ_vypisu>aktualni</dtt:Typ_vypisu>
<dtt:Typ_odkazu>0</dtt:Typ_odkazu>
</dtt:Uvod>
<dtt:Zakladni_udaje>
<dtt:Platnost_od>2009-08-21</dtt:Platnost_od>
<dtt:Klic_ARES>1234560</dtt:Klic_ARES>
<dtt:Stav>7</dtt:Stav>
<dtt:Spisova_znacka>
<dtt:Soud>
<dtt:Kod>7</dtt:Kod>
<dtt:Text>Krajský soud v Brně</dtt:Text>
</dtt:Soud>
<dtt:Oddil_vlozka>ZRUŠ KSBR 26 INS 630 / 2008</dtt:Oddil_vlozka>
</dtt:Spisova_znacka>
<dtt:Osoba>
<dtt:Role>1</dtt:Role>
<dtt:PF>6</dtt:PF>
<dtt:Typ>4</dtt:Typ>
<dtt:Obchodni_firma>BYBLOS, electronic services, spol. s r.o. v likvidaci</dtt:Obchodni_firma>
<dtt:ICO>48910864</dtt:ICO>
<dtt:Adresy>
<dtt:Adresa>
<dtt:ID_adresy>123450</dtt:ID_adresy>
<dtt:Kod_adresy>6</dtt:Kod_adresy>
<dtt:Obec>Brno</dtt:Obec>
<dtt:Ulice>6Lidická 25/27, PSČ 602 00</dtt:Ulice>
</dtt:Adresa>
<dtt:Adresa>
<dtt:ID_adresy>0123450</dtt:ID_adresy>
<dtt:Kod_adresy>5</dtt:Kod_adresy>
<dtt:Obec>Brno</dtt:Obec>
<dtt:Ulice>5Lidická 25/27, PSČ 602 00</dtt:Ulice>
<dtt:Okres>Brno</dtt:Okres>
<dtt:Stat>Česká republika</dtt:Stat>
</dtt:Adresa>
</dtt:Adresy>
</dtt:Osoba>
</dtt:Zakladni_udaje>
<dtt:Insolvencni_spravci>
<dtt:I_spravce>
<dtt:Typ>6</dtt:Typ>
<dtt:Osoba>
<dtt:Role>2</dtt:Role>
<dtt:Nazev_osoby>JUDr. Jan Novák, CSc.</dtt:Nazev_osoby>
<dtt:RC>8911170001</dtt:RC>
<dtt:Datum_narozeni>1989-11-17</dtt:Datum_narozeni>
<dtt:Adresy>
<dtt:Adresa>
<dtt:ID_adresy>9876540</dtt:ID_adresy>
<dtt:Kod_adresy>4</dtt:Kod_adresy>
<dtt:Platnost_od>2009-08-21</dtt:Platnost_od>
<dtt:Obec>Brno</dtt:Obec>
<dtt:Ulice>Vymyšlená 123</dtt:Ulice>
<dtt:Okres>Brno-východ</dtt:Okres>
<dtt:Stat>Česká republika</dtt:Stat>
<dtt:Telefon>555 666 777</dtt:Telefon>
<dtt:Fax>111 222 333</dtt:Fax>
</dtt:Adresa>
</dtt:Adresy>
</dtt:Osoba>
</dtt:I_spravce>
<dtt:I_spravce>
<dtt:Osoba>
<dtt:Role>2</dtt:Role>
<dtt:Nazev_osoby>JUDr. Honza Novák</dtt:Nazev_osoby>
<dtt:RC>8911180001</dtt:RC>
<dtt:Datum_narozeni>1989-11-18</dtt:Datum_narozeni>
<dtt:Adresy>
<dtt:Adresa>
<dtt:ID_adresy>9876540</dtt:ID_adresy>
<dtt:Kod_adresy>2</dtt:Kod_adresy>
<dtt:Platnost_do>2009-08-21</dtt:Platnost_do>
<dtt:Obec>Brno</dtt:Obec>
<dtt:Ulice>Vymyšlená 1234</dtt:Ulice>
<dtt:Okres>Brno-východ</dtt:Okres>
<dtt:Telefon>555 777 888</dtt:Telefon>
<dtt:Fax>555 222 333</dtt:Fax>
</dtt:Adresa>
</dtt:Adresy>
</dtt:Osoba>
</dtt:I_spravce>
<dtt:I_spravce>
<dtt:Osoba>
<dtt:Role>2</dtt:Role>
<dtt:Nazev_osoby>Dr. Jeník Novák</dtt:Nazev_osoby>
<dtt:RC>8911190001</dtt:RC>
<dtt:Datum_narozeni>1989-11-19</dtt:Datum_narozeni>
<dtt:Adresy>
<dtt:Adresa>
<dtt:ID_adresy>9876540</dtt:ID_adresy>
<dtt:Kod_adresy>3</dtt:Kod_adresy>
<dtt:Platnost_od>2009-07-11</dtt:Platnost_od>
<dtt:Platnost_do>2009-08-20</dtt:Platnost_do>
<dtt:Obec>Brno</dtt:Obec>
<dtt:Ulice>Vymyšlená 123/45</dtt:Ulice>
<dtt:Stat>Česká republika</dtt:Stat>
<dtt:Telefon>555 666 999</dtt:Telefon>
<dtt:Fax>555 999 333</dtt:Fax>
</dtt:Adresa>
</dtt:Adresy>
</dtt:Osoba>
</dtt:I_spravce>
</dtt:Insolvencni_spravci>
<dtt:Historie>
<dtt:A>
<dtt:V>
<dtt:Poradi>1</dtt:Poradi>
<dtt:Vznik>2008-01-31 14:29:45.000</dtt:Vznik>
<dtt:Popis>Insolvenční návrh</dtt:Popis>
<dtt:Id>5</dtt:Id>
<dtt:Uri>https://isir.justice.cz/isir/doc/dokument.PDF?rowid=AAAE1GAALAAAQf8ABD</dtt:Uri>
</dtt:V>
<dtt:V>
<dtt:Poradi>2</dtt:Poradi>
<dtt:Vznik>2008-01-31 14:56:45.000</dtt:Vznik>
<dtt:Popis>Vyhláška o zahájení insolvenčního řízení </dtt:Popis>
<dtt:Id>185</dtt:Id>
<dtt:Uri>https://isir.justice.cz/isir/doc/dokument.PDF?rowid=AAAE1GAALAAAQf8ABj</dtt:Uri>
<dtt:Platnost_do>2009-08-21</dtt:Platnost_do>
</dtt:V>
<dtt:V>
<dtt:Poradi>3</dtt:Poradi>
<dtt:Vznik>2008-02-04 14:00:00.000</dtt:Vznik>
<dtt:Popis>Usnesení o odmítnutí insolvenčního návrhu</dtt:Popis>
<dtt:Id>72</dtt:Id>
<dtt:Uri>https://isir.justice.cz/isir/doc/dokument.PDF?rowid=AAAE1GAAHAAAc%2BMABt</dtt:Uri>
</dtt:V>
</dtt:A>
<dtt:B>
<dtt:V>
<dtt:Poradi>1</dtt:Poradi>
<dtt:Vznik>2009-02-05 10:44:45.123</dtt:Vznik>
<dtt:Popis>PŘÍKLAD s ukončenou platností</dtt:Popis>
<dtt:Id>1</dtt:Id>
<dtt:Uri>https://isir.justice.cz/isir/doc/dokument.PDF?rowid=AAAE1GAAHAAAc%2BMABt</dtt:Uri>
<dtt:Platnost_do>2009-02-05</dtt:Platnost_do>
</dtt:V>
</dtt:B>
<dtt:C>
<dtt:V>
<dtt:Poradi>1</dtt:Poradi>
<dtt:Vznik>2009-02-05 10:44:45.123</dtt:Vznik>
<dtt:Popis>PŘÍKLAD s NEukončenou platností</dtt:Popis>
<dtt:Id>1</dtt:Id>
<dtt:Uri>https://isir.justice.cz/isir/doc/dokument.PDF?rowid=AAAE1GAAHAAAc%2BMABt</dtt:Uri>
</dtt:V>
</dtt:C>
<dtt:D>
<dtt:V>
<dtt:Poradi>1</dtt:Poradi>
<dtt:Vznik>2009-02-05 10:44:45.123</dtt:Vznik>
<dtt:Popis>PŘÍKLAD s ukončenou platností</dtt:Popis>
<dtt:Id>1</dtt:Id>
<dtt:Uri>https://isir.justice.cz/isir/doc/dokument.PDF?rowid=AAAE1GAAHAAAc%2BMABt</dtt:Uri>
<dtt:Platnost_do>2009-02-05</dtt:Platnost_do>
</dtt:V>
</dtt:D>
<dtt:P>
<dtt:V>
<dtt:Poradi>1234</dtt:Poradi>
<dtt:Vznik>2009-02-05 10:44:45.123</dtt:Vznik>
<dtt:Popis>PŘÍKLAD s ukončenou platností</dtt:Popis>
<dtt:Id>1234</dtt:Id>
<dtt:Uri>https://isir.justice.cz/isir/doc/dokument.PDF?rowid=AAAE1GAAHAAAc%2BMABt</dtt:Uri>
<dtt:Platnost_do>2009-02-05</dtt:Platnost_do>
</dtt:V>
</dtt:P>
</dtt:Historie>
</dtt:Vypis_IR>
</are:Odpoved>
</are:Ares_odpovedi>
