<?xml version="1.0" encoding="UTF-8"?>
<?xml-stylesheet type="text/xsl" href="C:\ares\xml_doc\xxxxslt\ir\ir_h1.0.4.xsl"?>
<are:Ares_odpovedi vystup_format="XML" odpoved_typ="Vypis_IR" odpoved_pocet="1" Id="ares" odpoved_datum_cas="2009-08-21T12:30:47" xslt="klient" validation_XSLT="String" xsi:schemaLocation="/ares/xml_doc/schemas/ares/ares_answer_ir/v_1.0.4 ares_answer_ir_v_1.0.4.xsd" xmlns:are="/ares/xml_doc/schemas/ares/ares_answer_ir/v_1.0.4" xmlns:dtt="/ares/xml_doc/schemas/ares/ares_datatypes/v_1.0.4" xmlns:xsi="http://www.w3.org/2001/XMLSchema-instance">
<are:Odpoved>
<dtt:Pomocne_ID>1</dtt:Pomocne_ID>
<dtt:Vysledek_hledani>
<dtt:Kod>1</dtt:Kod>
</dtt:Vysledek_hledani>
<dtt:Pocet_zaznamu>1</dtt:Pocet_zaznamu>
<dtt:Vypis_IR>
<dtt:Uvod>
<dtt:Nadpis>Výpis z insolvenčního rejstříku v ARES</dtt:Nadpis>
<dtt:Aktualizace_DB>2009-08-21</dtt:Aktualizace_DB>
<dtt:Datum_vypisu>2009-08-21</dtt:Datum_vypisu>
<dtt:Cas_vypisu>12:30:00</dtt:Cas_vypisu>
<dtt:Typ_vypisu>aktualni</dtt:Typ_vypisu>
<dtt:Typ_odkazu>0</dtt:Typ_odkazu>
</dtt:Uvod>
<dtt:Zakladni_udaje>
<dtt:Klic_ARES>1234560</dtt:Klic_ARES>
<dtt:Stav>8</dtt:Stav>
<dtt:Spisova_znacka>
<dtt:Soud>
<dtt:Kod>7</dtt:Kod>
<dtt:Text>Krajský soud v Brně</dtt:Text>
</dtt:Soud>
<dtt:Oddil_vlozka>KSBR 26 INS 630 / 2008</dtt:Oddil_vlozka>
</dtt:Spisova_znacka>
<dtt:Osoba>
<dtt:Role>1</dtt:Role>
<dtt:PF>6</dtt:PF>
<dtt:Typ>4</dtt:Typ>
<dtt:Obchodni_firma>BYBLOS, electronic services, spol. s r.o. v likvidaci</dtt:Obchodni_firma>
<dtt:ICO>48910864</dtt:ICO>
<dtt:Adresy>
<dtt:Adresa>
<dtt:ID_adresy>123450</dtt:ID_adresy>
<dtt:Kod_adresy>6</dtt:Kod_adresy>
<dtt:Obec>Brno</dtt:Obec>
<dtt:Ulice>Lidická 25/27, PSČ 602 00</dtt:Ulice>
</dtt:Adresa>
</dtt:Adresy>
</dtt:Osoba>
</dtt:Zakladni_udaje>
</dtt:Vypis_IR>
</are:Odpoved>
</are:Ares_odpovedi>
