<?xml version="1.0" encoding="UTF-8"?>
<are:Ares_dotazy xmlns:are="http://wwwinfo.mfcr.cz/ares/xml_doc/schemas/ares/ares_request_adr/v_2.0.0"
                 xmlns:dtt="http://wwwinfo.mfcr.cz/ares/xml_doc/schemas/ares/ares_datatypes/v_1.0.4"
                 xmlns:xsi="http://www.w3.org/2001/XMLSchema-instance"
                 xsi:schemaLocation="http://wwwinfo.mfcr.cz/ares/xml_doc/schemas/ares/ares_request_adr/v_2.0.0  http://wwwinfo.mfcr.cz/ares/xml_doc/schemas/ares/ares_request_adr/v_2.0.0/ares_request_adr_v_2.0.0.xsd"
                 vystup_format="XML" Id="Ares_dotaz_stdadr" user_mail="vase@e-mailova_adresa.cz"
                 dotaz_datum_cas="2010-08-17T11:41:03"
                 validation_XSLT="http://wwwinfo.mfcr.cz/ares/xml_doc/schemas/ares/ares_request/ares_request.xsl"
                 answerNamespaceRequired="http://wwwinfo.mfcr.cz/ares/xml_doc/schemas/ares/ares_answer_adr/v_2.0.0"
                 dotaz_typ="Stdadr" dotaz_pocet="1">
<are:Dotaz>
  <dtt:Pomocne_ID>1</dtt:Pomocne_ID> 
  <dtt:Obec>Kroměříž</dtt:Obec> 
  <dtt:Ulice>Úprkova</dtt:Ulice> 
  <dtt:Typ>A</dtt:Typ> 
  <dtt:Redukce_slov>A</dtt:Redukce_slov>
  </are:Dotaz>
  <!-- z důvodu omezení s ohledem na objem vracených dat POST dotazy na standardizaci adresy neumožňují v jednom xml souboru zadávat najednou více dotazů -->
  </are:Ares_dotazy>