<?xml version="1.0" encoding="utf-8" standalone="no"?>

<downlaod-settings>
    <comment>
        <!--
        Configuration of the connection and communication with web server. 
        @attribute url-pattern represents regular expression pattern of the 
        address of the server. These settings are used with communication with web server.
        -->
        <site url-pattern="">
            <!--
            Configuration of communication with web server throw proxy server.
            Proxy servers are applied in the order in this configuration file. 
            -->
            <proxy order="1">
                <!--determines if communication throw proxy server is enabled-->
                <enabled>true</enabled>
                <!--address of the proxy server-->
                <server>lalala.land</server>
                <!--port of the communication with the proxy server-->
                <port>????</port>
            </proxy>
            <!--
            maximal number of connection for given server specified by url-pattern attribute.
            maximal number of connections is set by default to one. Some servers does 
            not allow multiple connections and block communication. Number less 
            or equal 0 is taken as no restriction.
            -->
            <max-connections>1</max-connections>
            <!--
            Some servers check how often somebody communicate with them and block 
            communication when it is so often. This settings can have three different
            values: none, number or number-number. 
            Where: 
                * none means no timeout, 
                * number means static timeout
                * number-number means random interval of waiting. Random number 
                  is generated from this interval and that number is used. Connection 
                  timeout is varies from the first number to the last number.
            !! This setting has effect only in case when max-connections is set to 1 !!!
            -->
            <wait-timeout>none</wait-timeout>
            <!--
            Some servers to permit some number of connections per time unit. To avoid 
            of block from the server, specify how many times can server connect in 
            time period. Format is: number/period
            Where: 
                * number is how many times can program communicate with server
                * period number of communications per time period. 
                * @argument timeUnit is specification of period. Allowed values
                  are: MILLISECONDS, SECONDS, MINUTES, HOURS, DAYS
            For example: when timeUnit="MINUTES", 1000/1440 means thousand connections in last 24 hours
            Default value is 0/0 what means no restriction, then timeUnit does not matter.
            When no timeUnit is specified, default value for this argument is SECONDS
            -->
            <max-connections-per-time timeUnit="">0/0</max-connections-per-time>
            <!--  
            This setting can have two possible values: True or False (0 or 1).
            True means when no proxy from the list succeed, communication is
            forwarded directly, without any proxy. It is the last option before 
            the request fails. When this option is set to false it means, when 
            no proxy in the list succeed (does not response) downloading of the 
            requested resource fails. Default value is "false".
            -->
            <no-proxy-possible>false</no-proxy-possible>
        </site>
    </comment>
<!-- !!! IMPORTANT !!!
     Please place site tags in order you want to applay them. URL patterns are
     placed in the order like in this file. So when you have general URL pattern,
     place it at the end. Otherwise other settings may not be used because 
     for all links the first general pattern will be used. Please specify URL pattern as
     precisely as it is possible to awoid conflicts. 
     I do not know which settings use for your link when more patterns succeeds,
     so I will let this work on you. Yes, it is possible to implement some rules
     how to treat with these links, but it can be more confusing and not everybody
     will agree. 
-->

<!-- default proxy server for every communication - this proxy server 
     !!! will NOT WORK for you !!!
     until your computer will not be part of Masaryk University Network, it's just for overview -->
     <site url-pattern=".*mfcr\.cz.*">
        <proxy>
            <enabled>false</enabled>
            <server>cache.fi.muni.cz</server>
            <port>3128</port>
            <username></username>
            <password></password>
        </proxy><!---->
        <max-connections>1</max-connections>
        <wait-timeout>50</wait-timeout>
        <max-connections-per-time timeUnit="hours">1000/24</max-connections-per-time>
        <no-proxy-possible>false</no-proxy-possible>
    </site>
    
 <!--  <site url-pattern=".*ajax.googleapis.com.*">
        <proxy>
            <enabled>true</enabled>
            <server>cache.fi.muni.cz</server>
            <port>3128</port>
            <username></username>
            <password></password>
        </proxy>
        <max-connections>100</max-connections>
        <wait-timeout>none</wait-timeout>
        <max-connections-per-time timeUnit="hours">1000/24</max-connections-per-time>
        <no-proxy-possible>true</no-proxy-possible>
    </site> -->
    
<!-- default proxy server for every communication -->
    <site url-pattern=".*">
         <proxy>
            <enabled>false</enabled>
            <server></server>
            <port></port>
            <username></username>
            <password></password>
        </proxy><!-- -->
        <max-connections>5</max-connections>
        <wait-timeout>none</wait-timeout>
        <max-connections-per-time timeUnit="minutes">1000/1</max-connections-per-time>
        <no-proxy-possible>true</no-proxy-possible>
    </site>

</downlaod-settings>
