<?xml version="1.0" encoding="utf-8" standalone="no"?>
<!DOCTYPE properties SYSTEM "http://java.sun.com/dtd/properties.dtd">
<properties>
<comment/>
<!-- temporary directory for all files -->
<entry key="temporary-directory"></entry>
<!-- delete temporary files on exit -->
<entry key="delete-on-exit">false</entry>
<!-- delete previously transformed files directly -->
<entry key="delete-unused-files-immediately">true</entry>


<!-- Maximal number of results from one service when no specifying parameter is set for search 
     If this value is not set, for the search is used default value 50
-->
<entry key="maximal-number-of-results">50</entry>

<!-- During files download check siye of the files after basic non-linguistic 
     preprocessing and when file is less than this value, delete it. 
     Size is in bytes-->
<entry key="minimal-file-size">150</entry>
<!-- Maximal size of SGML (means XML, HTML, XHTML) file to process. 
     Some files can be so large an it can cause application instability. 
     default value is: 204800 = 20KB-->
<entry key="maximal-sgml-file-size">204800</entry>



<!-- *********************** PROGRAM STATISTICS ********************** -->
<!-- Save statistics about program computation for selected categories -->
<!-- Settings for database connection are in file 'persistence.xml' in paris-shared project -->
<!-- make time statistics of computation -->
<entry key="stat-time">true</entry>
<!-- save downloaded documents to database -->
<entry key="stat-remote">true</entry>
<!-- save search results to database -->
<entry key="stat-search">true</entry>

<!-- services -->
<!-- google API key for URL: http://xxx.xxx.xxx.xxx -->
<entry key="google-search-api-key"></entry>

<entry key="google-search-enabled">true</entry>
<entry key="google-default-results-limit">64</entry>
<entry key="google-hard-results-limit">64</entry>
<entry key="google-search-language">cz</entry>

<!-- yahoo! application key. Key Url:  -->
<!-- Yahoo is paid! disable -->
<entry key="yahoo-api-customer-key"></entry>
<entry key="yahoo-api-customer-secret"></entry>
<entry key="yahoo-api-terms-url">http://info.yahoo.com/legal/us/yahoo/api/api-2140.html</entry>
<entry key="yahoo-application-terms-url">http://info.yahoo.com/legal/us/yahoo/applicationplatform/applicationplatform-3959.html</entry>
<entry key="yahoo-search-enabled">false</entry>
<!-- I don't know maximal value -->
<entry key="yahoo-default-results-limit">64</entry>
<entry key="yahoo-hard-results-limit">64</entry>
<entry key="yahoo-search-language">cs-CZ</entry>


<!-- bing AppId Key Url:  -->
<!-- bing search results are similar to yahoo -->
<entry key="bing-service-api-key"></entry>
<entry key="bing-search-enabled">true</entry>
<!-- For Bing maximal value is 50 -->
<entry key="bing-default-results-limit">50</entry>
<entry key="bing-hard-results-limit">50</entry>
<entry key="bing-search-language">en-us</entry>

<entry key="linkedin-search-api-key"></entry>
<entry key="linkedin-search-secret-key"></entry>


<!-- SWF Mill is a program responsible for converting SWF file to XML file.
     This is setting for program location which will be used for conversion
     Path have to be with spaces. It cannot handle them!
     -->
     
<entry key="swfmill-path">external/swfmill/bin/swfmill</entry>

<!-- Program info -->
<entry key="version">1.0</entry>
<entry key="program">paris</entry>
<entry key="email">jianghongtiao@gmail.com</entry>
<entry key="author">JiangHongTiao</entry>
</properties>
