<?xml version="1.0" encoding="utf-8" standalone="no"?>
<!DOCTYPE properties SYSTEM "http://java.sun.com/dtd/properties.dtd">
<properties>
<comment/>
<entry key="version">1.0</entry>
<!-- 
 * connection and maximal download time for document downloading. It restricts 
   download of large files and when it is possible to establish connection with
   server, but server is not sending any data. Value is in millisecons. For
   slower internet connection set bigger value. Also check 
   sk.lieskove.jianghongtiao.paris.core.search.ThreadPeopleSearch.xml how many
   people can be searched in one time. It can slow down downloading too. 
 -->
<entry key="max-connection-wait-time">100000</entry><!-- default value: 100000 -->

<!-- 
 * program info
 -->
<entry key="program">Multi Thread Download Manager</entry>
<entry key="email">jianghongtiao@gmail.com</entry>
<entry key="author">JiangHongTiao</entry>
</properties>
