<?xml version="1.0" encoding="utf-8" standalone="no"?>
<!DOCTYPE properties SYSTEM "http://java.sun.com/dtd/properties.dtd">
<properties>
<comment/>
<entry key="version">1.0</entry>
<!-- 
 * how many persons can be searched in one time. !!!Be careful with this settings!!!
   Garbage collector can get troubles when number is large.
   Also some download of documents get error and does not download file. 
   It's because of a lot of threads is created during this processing. Number of
   threads created is number you set is multiplied by number of services where
   program searches plus number of results returned by search service plus some
   support threads. It can easily happen, that this number is multiplied by 200-300.
   And for number of objects created during this processing is even more. 
   It is not recommended to set this value larger than 3 (I've tested this value
   with Intel i7 (4cores, 2 threads per core) and 8GB RAM and it was ok. Test it 
   on your system at first. Check database table 'websearchresponse' and if there
   are some values in column 'excludereason' set to 'MIME_TYPE_NOT_SUPPORTED' set
   this value for a lower number. It also depends on the speed of your internet
   connection. Check also settings in the file: 
 -->
<entry key="max-threads">1</entry><!-- default value: 2 -->
<!-- 
 * program info
 -->
<entry key="program">paris</entry>
<entry key="email">jianghongtiao@gmail.com</entry>
<entry key="author">JiangHongTiao</entry>
</properties>
