<?xml version="1.0" encoding="UTF-8" ?> 
<are:Ares_odpovedi xmlns:are="/ares/xml_doc/schemas/ares/ares_answer_su/v_1.0.0" xmlns:D="/ares/xml_doc/schemas/ares/ares_datatypes/v_1.0.4" odpoved_datum_cas="2010-08-20T09:18:03" odpoved_pocet="1" odpoved_typ="su" vystup_format="XML" xslt="klient" xmlns:xsi="http://www.w3.org/2001/XMLSchema-instance" xsi:schemaLocation="/ares/xml_doc/schemas/ares/ares_answer_su/v_1.0.0 /ares/xml_doc/schemas/ares/ares_answer_su/v_1.0.0/ares_answer_su.xsd" Id="ares">
<are:Odpoved>
<D:Pomocne_ID>0</D:Pomocne_ID> 
<D:Vysledek_hledani>
<D:Kod>1</D:Kod> 
</D:Vysledek_hledani>
<D:Uvod>
<D:Aktualizace_DB>2010-08-19</D:Aktualizace_DB> 
<D:Datum_vypisu>2010-08-20</D:Datum_vypisu> 
<D:Cas_vypisu>09:18:05</D:Cas_vypisu> 
<D:Typ_vypisu>0</D:Typ_vypisu> 
<D:Typ_odkazu>1</D:Typ_odkazu> 
</D:Uvod>
<D:V>
<D:S>
<D:IC>00025500</D:IC> 
<D:OF>RM-S HOLDING, a.s.</D:OF> 
<D:A>14078 Praha 4, Hvězdova 1716/2b</D:A> 
<D:T>Změna údajů</D:T> 
<D:KFU>4</D:KFU> 
<D:KFA>4</D:KFA> 
<D:KFP>9</D:KFP> 
<D:TD>P</D:TD> 
<D:DP>2010-07-27</D:DP> 
<D:DA>2010-07-27</D:DA> 
<D:TU>3</D:TU> 
<D:CS>1</D:CS> 
<D:NS>Městský soud v Praze</D:NS> 
<D:SZ>B 495</D:SZ> 
<D:EI>18203</D:EI> 
<D:UI>1598888</D:UI> 
</D:S>
<D:S>
<D:IC>00025500</D:IC> 
<D:OF>RM-S HOLDING, a.s.</D:OF> 
<D:A>14078 Praha 4, Hvězdova 1716/2b</D:A> 
<D:T>Změna údajů</D:T> 
<D:KFU>4</D:KFU> 
<D:KFA>4</D:KFA> 
<D:KFP>9</D:KFP> 
<D:TD>P</D:TD> 
<D:DP>2010-05-17</D:DP> 
<D:DA>2010-05-17</D:DA> 
<D:TU>3</D:TU> 
<D:CS>1</D:CS> 
<D:NS>Městský soud v Praze</D:NS> 
<D:SZ>B 495</D:SZ> 
<D:EI>18203</D:EI> 
<D:UI>1559883</D:UI> 
</D:S>
<D:S>
<D:IC>00025500</D:IC> 
<D:OF>RM-S HOLDING, a.s.</D:OF> 
<D:A>14078 Praha 4, Hvězdova 1716/2b</D:A> 
<D:T>Změna údajů</D:T> 
<D:KFU>4</D:KFU> 
<D:KFA>4</D:KFA> 
<D:KFP>9</D:KFP> 
<D:TD>M</D:TD> 
<D:DP>2009-11-27</D:DP> 
<D:DA>2009-11-30</D:DA> 
<D:TU>3</D:TU> 
<D:CS>1</D:CS> 
<D:NS>Městský soud v Praze</D:NS> 
<D:SZ>B 495</D:SZ> 
<D:EI>18203</D:EI> 
<D:UI>1463752</D:UI> 
</D:S>
<D:S>
<D:IC>00025500</D:IC> 
<D:OF>RM-S HOLDING, a.s.</D:OF> 
<D:A>14078 Praha 4, Hvězdova 1716/2b</D:A> 
<D:T>Změna údajů</D:T> 
<D:KFU>4</D:KFU> 
<D:KFA>4</D:KFA> 
<D:KFP>9</D:KFP> 
<D:TD>M</D:TD> 
<D:DP>2009-06-09</D:DP> 
<D:DA>2009-06-12</D:DA> 
<D:TU>3</D:TU> 
<D:CS>1</D:CS> 
<D:NS>Městský soud v Praze</D:NS> 
<D:SZ>B 495</D:SZ> 
<D:EI>18203</D:EI> 
<D:UI>1370458</D:UI> 
</D:S>
<D:S>
<D:IC>00025500</D:IC> 
<D:OF>RM-S HOLDING, a.s.</D:OF> 
<D:A>14078 Praha 4, Hvězdova 1716/2b</D:A> 
<D:T>Změna údajů</D:T> 
<D:KFU>4</D:KFU> 
<D:KFA>4</D:KFA> 
<D:KFP>9</D:KFP> 
<D:TD>P</D:TD> 
<D:DP>2006-09-22</D:DP> 
<D:DA>2006-09-22</D:DA> 
<D:TU>3</D:TU> 
<D:CS>1</D:CS> 
<D:NS>Městský soud v Praze</D:NS> 
<D:SZ>B 495</D:SZ> 
<D:EI>18203</D:EI> 
<D:UI>900231</D:UI> 
</D:S>
<D:S>
<D:IC>00025500</D:IC> 
<D:OF>RM-S HOLDING, a.s.</D:OF> 
<D:A>14078 Praha 4, Hvězdova 1716/2b</D:A> 
<D:T>Změna údajů</D:T> 
<D:KFU>4</D:KFU> 
<D:KFA>4</D:KFA> 
<D:KFP>9</D:KFP> 
<D:TD>M</D:TD> 
<D:DP>2005-05-23</D:DP> 
<D:DA>2005-05-26</D:DA> 
<D:TU>3</D:TU> 
<D:CS>1</D:CS> 
<D:NS>Městský soud v Praze</D:NS> 
<D:SZ>B 495</D:SZ> 
<D:EI>18203</D:EI> 
<D:UI>710686</D:UI> 
</D:S>
<D:S>
<D:IC>00025500</D:IC> 
<D:OF>RM-S HOLDING, a.s.</D:OF> 
<D:A>14078 Praha 4, Hvězdova 1716/2b</D:A> 
<D:T>Změna údajů</D:T> 
<D:KFU>4</D:KFU> 
<D:KFA>4</D:KFA> 
<D:KFP>9</D:KFP> 
<D:TD>M</D:TD> 
<D:DP>2004-12-21</D:DP> 
<D:DA>2004-12-27</D:DA> 
<D:TU>3</D:TU> 
<D:CS>1</D:CS> 
<D:NS>Městský soud v Praze</D:NS> 
<D:SZ>B 495</D:SZ> 
<D:EI>18203</D:EI> 
<D:UI>655192</D:UI> 
</D:S>
<D:S>
<D:IC>00025500</D:IC> 
<D:OF>RM-S HOLDING, a.s.</D:OF> 
<D:A>14078 Praha 4, Hvězdova 1716/2b</D:A> 
<D:T>Změna údajů</D:T> 
<D:KFU>4</D:KFU> 
<D:KFA>4</D:KFA> 
<D:KFP>9</D:KFP> 
<D:TD>M</D:TD> 
<D:DP>2004-08-06</D:DP> 
<D:DA>2004-08-10</D:DA> 
<D:TU>3</D:TU> 
<D:CS>1</D:CS> 
<D:NS>Městský soud v Praze</D:NS> 
<D:SZ>B 495</D:SZ> 
<D:EI>18203</D:EI> 
<D:UI>606957</D:UI> 
</D:S>
<D:S>
<D:IC>00025500</D:IC> 
<D:OF>RM-S HOLDING, a.s.</D:OF> 
<D:A>14078 Praha 4, Hvězdova 1716/2b</D:A> 
<D:T>Změna údajů</D:T> 
<D:KFU>4</D:KFU> 
<D:KFA>4</D:KFA> 
<D:KFP>9</D:KFP> 
<D:TD>M</D:TD> 
<D:DP>2004-07-17</D:DP> 
<D:DA>2004-07-20</D:DA> 
<D:TU>3</D:TU> 
<D:CS>1</D:CS> 
<D:NS>Městský soud v Praze</D:NS> 
<D:SZ>B 495</D:SZ> 
<D:EI>18203</D:EI> 
<D:UI>600218</D:UI> 
</D:S>
<D:S>
<D:IC>00025500</D:IC> 
<D:OF>RM-S HOLDING, a.s.</D:OF> 
<D:A>14078 Praha 4, Hvězdova 1716/2b</D:A> 
<D:T>Změna údajů</D:T> 
<D:KFU>4</D:KFU> 
<D:KFA>4</D:KFA> 
<D:KFP>9</D:KFP> 
<D:TD>M</D:TD> 
<D:DP>2004-04-26</D:DP> 
<D:DA>2004-05-24</D:DA> 
<D:TU>3</D:TU> 
<D:CS>1</D:CS> 
<D:NS>Městský soud v Praze</D:NS> 
<D:SZ>B 495</D:SZ> 
<D:EI>18203</D:EI> 
<D:UI>580642</D:UI> 
</D:S>
<D:S>
<D:IC>00025500</D:IC> 
<D:OF>RM-S HOLDING, a.s.</D:OF> 
<D:A>14078 Praha 4, Hvězdova 1716/2b</D:A> 
<D:T>Změna údajů</D:T> 
<D:KFU>4</D:KFU> 
<D:KFA>4</D:KFA> 
<D:KFP>9</D:KFP> 
<D:TD>M</D:TD> 
<D:DP>2004-04-26</D:DP> 
<D:DA>2004-05-07</D:DA> 
<D:TU>3</D:TU> 
<D:CS>1</D:CS> 
<D:NS>Městský soud v Praze</D:NS> 
<D:SZ>B 495</D:SZ> 
<D:EI>18203</D:EI> 
<D:UI>573765</D:UI> 
</D:S>
<D:S>
<D:IC>00025500</D:IC> 
<D:OF>RM-S HOLDING, a.s.</D:OF> 
<D:A>14078 Praha 4, Hvězdova 1716/2b</D:A> 
<D:T>Změna údajů</D:T> 
<D:KFU>4</D:KFU> 
<D:KFA>4</D:KFA> 
<D:KFP>9</D:KFP> 
<D:TD>M</D:TD> 
<D:DP>2004-04-26</D:DP> 
<D:DA>2004-04-28</D:DA> 
<D:TU>3</D:TU> 
<D:CS>1</D:CS> 
<D:NS>Městský soud v Praze</D:NS> 
<D:SZ>B 495</D:SZ> 
<D:EI>18203</D:EI> 
<D:UI>570927</D:UI> 
</D:S>
<D:S>
<D:IC>00025500</D:IC> 
<D:OF>RM-S HOLDING, a.s.</D:OF> 
<D:A>14078 Praha 4, Hvězdova 1716/2b</D:A> 
<D:T>Změna údajů</D:T> 
<D:KFU>4</D:KFU> 
<D:KFA>4</D:KFA> 
<D:KFP>9</D:KFP> 
<D:TD>M</D:TD> 
<D:DP>2003-10-18</D:DP> 
<D:DA>2003-10-21</D:DA> 
<D:TU>3</D:TU> 
<D:CS>1</D:CS> 
<D:NS>Městský soud v Praze</D:NS> 
<D:SZ>B 495</D:SZ> 
<D:EI>18203</D:EI> 
<D:UI>505204</D:UI> 
</D:S>
<D:S>
<D:IC>00025500</D:IC> 
<D:OF>PVT,a.s. odštěpný závod Brno</D:OF> 
<D:A>Brno, Veveří 102</D:A> 
<D:T>Výmaz subjektu</D:T> 
<D:KFU>291</D:KFU> 
<D:KFA>291</D:KFA> 
<D:KFP>0</D:KFP> 
<D:TD>M</D:TD> 
<D:DP>2003-08-16</D:DP> 
<D:DA>2003-08-27</D:DA> 
<D:TU>4</D:TU> 
<D:CS>7</D:CS> 
<D:NS>Krajský soud v Brně</D:NS> 
<D:SZ>A 9624</D:SZ> 
<D:EI>246456</D:EI> 
<D:UI>486680</D:UI> 
</D:S>
<D:S>
<D:IC>00025500</D:IC> 
<D:OF>RM-S HOLDING, a.s.</D:OF> 
<D:A>14078 Praha 4, Hvězdova 1716/2b</D:A> 
<D:T>Změna údajů</D:T> 
<D:KFU>4</D:KFU> 
<D:KFA>4</D:KFA> 
<D:KFP>9</D:KFP> 
<D:TD>P</D:TD> 
<D:DP>2003-02-01</D:DP> 
<D:DA>2003-01-31</D:DA> 
<D:TU>3</D:TU> 
<D:CS>1</D:CS> 
<D:NS>Městský soud v Praze</D:NS> 
<D:SZ>B 495</D:SZ> 
<D:EI>18203</D:EI> 
<D:UI>7215</D:UI> 
</D:S>
<D:S>
<D:IC>00025500</D:IC> 
<D:OF>RM-S HOLDING, a.s.</D:OF> 
<D:A>14078 Praha 4, Hvězdova 1716/2b</D:A> 
<D:T>Změna údajů</D:T> 
<D:KFU>4</D:KFU> 
<D:KFA>4</D:KFA> 
<D:KFP>9</D:KFP> 
<D:TD>P</D:TD> 
<D:DP>2002-07-27</D:DP> 
<D:DA>2002-08-06</D:DA> 
<D:TU>3</D:TU> 
<D:CS>1</D:CS> 
<D:NS>Městský soud v Praze</D:NS> 
<D:SZ>B 495</D:SZ> 
<D:EI>18203</D:EI> 
<D:UI>7216</D:UI> 
</D:S>
<D:S>
<D:IC>00025500</D:IC> 
<D:OF>RM-S HOLDING, a.s.</D:OF> 
<D:A>14078 Praha 4, Hvězdova 1716/2b</D:A> 
<D:T>Změna údajů</D:T> 
<D:KFU>4</D:KFU> 
<D:KFA>4</D:KFA> 
<D:KFP>9</D:KFP> 
<D:TD>P</D:TD> 
<D:DP>2002-06-08</D:DP> 
<D:DA>2002-06-28</D:DA> 
<D:TU>3</D:TU> 
<D:CS>1</D:CS> 
<D:NS>Městský soud v Praze</D:NS> 
<D:SZ>B 495</D:SZ> 
<D:EI>18203</D:EI> 
<D:UI>7217</D:UI> 
</D:S>
<D:S>
<D:IC>00025500</D:IC> 
<D:OF>RM-S HOLDING, a.s.</D:OF> 
<D:A>14078 Praha 4, Hvězdova 1716/2b</D:A> 
<D:T>Změna údajů</D:T> 
<D:KFU>4</D:KFU> 
<D:KFA>4</D:KFA> 
<D:KFP>9</D:KFP> 
<D:TD>P</D:TD> 
<D:DP>2002-04-30</D:DP> 
<D:DA>2002-05-02</D:DA> 
<D:TU>3</D:TU> 
<D:CS>1</D:CS> 
<D:NS>Městský soud v Praze</D:NS> 
<D:SZ>B 495</D:SZ> 
<D:EI>18203</D:EI> 
<D:UI>7218</D:UI> 
</D:S>
<D:S>
<D:IC>00025500</D:IC> 
<D:OF>RM-S HOLDING, a.s.</D:OF> 
<D:A>14078 Praha 4, Hvězdova 1716/2b</D:A> 
<D:T>Změna údajů</D:T> 
<D:KFU>4</D:KFU> 
<D:KFA>4</D:KFA> 
<D:KFP>9</D:KFP> 
<D:TD>P</D:TD> 
<D:DP>2002-02-14</D:DP> 
<D:DA>2002-02-15</D:DA> 
<D:TU>3</D:TU> 
<D:CS>1</D:CS> 
<D:NS>Městský soud v Praze</D:NS> 
<D:SZ>B 495</D:SZ> 
<D:EI>18203</D:EI> 
<D:UI>7219</D:UI> 
</D:S>
<D:S>
<D:IC>00025500</D:IC> 
<D:OF>RM-S HOLDING, a.s.</D:OF> 
<D:A>14078 Praha 4, Hvězdova 1716/2b</D:A> 
<D:T>Změna údajů</D:T> 
<D:KFU>4</D:KFU> 
<D:KFA>4</D:KFA> 
<D:KFP>9</D:KFP> 
<D:TD>P</D:TD> 
<D:DP>2001-07-03</D:DP> 
<D:DA>2001-07-23</D:DA> 
<D:TU>3</D:TU> 
<D:CS>1</D:CS> 
<D:NS>Městský soud v Praze</D:NS> 
<D:SZ>B 495</D:SZ> 
<D:EI>18203</D:EI> 
<D:UI>7220</D:UI> 
</D:S>
</D:V>
<D:Maxpoc>20</D:Maxpoc> 
<D:Pocet_zaznamu>20</D:Pocet_zaznamu> 
</are:Odpoved>
</are:Ares_odpovedi>