<?xml version="1.0" encoding="UTF-8"?>
<?xml-stylesheet href="/ares/xml_doc/xslt/su/aresds_su_h1.0.0.xsl.cz" type="text/xsl"?>
<are:Ares_odpovedi xmlns:are="/ares/xml_doc/schemas/ares/ares_answer_su/v_1.0.0" xmlns:D="/ares/xml_doc/schemas/ares/ares_datatypes/v_1.0.4" odpoved_datum_cas="2010-08-20T09:19:50" odpoved_pocet="1" odpoved_typ="su" vystup_format="HTML" xslt="klient" xmlns:xsi="http://www.w3.org/2001/XMLSchema-instance" xsi:schemaLocation="/ares/xml_doc/schemas/ares/ares_answer_su/v_1.0.0 /ares/xml_doc/schemas/ares/ares_answer_su/v_1.0.0/ares_answer_su.xsd" Id="aresds">
<are:Odpoved>
<D:Pomocne_ID>0</D:Pomocne_ID>
<D:Vysledek_hledani>
<D:Kod>1</D:Kod>
</D:Vysledek_hledani>
<D:Uvod>
<D:Aktualizace_DB>2010-08-19</D:Aktualizace_DB>
<D:Datum_vypisu>2010-08-20</D:Datum_vypisu>
<D:Cas_vypisu>09:19:51</D:Cas_vypisu>
<D:Typ_vypisu>2</D:Typ_vypisu>
<D:Typ_odkazu>1</D:Typ_odkazu>
</D:Uvod>
<D:V>
<D:S>
<D:IC>00025500</D:IC>
<D:OF>RM-S HOLDING, a.s.</D:OF>
<D:A>14078 Praha 4, Hvězdova 1716/2b</D:A>
<D:T>Změna údajů</D:T>
<D:KFU>4</D:KFU>
<D:KFA>4</D:KFA>
<D:KFP>9</D:KFP>
<D:TD>P</D:TD>
<D:DP>2010-07-27</D:DP>
<D:DA>2010-07-27</D:DA>
<D:TU>3</D:TU>
<D:CS>1</D:CS>
<D:NS>Městský soud v Praze</D:NS>
<D:SZ>B 495</D:SZ>
<D:EI>18203</D:EI>
<D:UI>1598888</D:UI>
<D:SU>
                                              F 91276/2010
                                             -------------- -
                                              B 495
Z á p i s   v e   v ě c i
V obchodním rejstříku vedeném u Městského soudu v Praze v oddílu B, vložce
číslo 495
                s e   v y m a z á v á
Sídlo: Praha 9, Libeň, Podvinný mlýn 2178/6, PSČ 190 00
                s e   z a p i s u j e
Sídlo: Praha 4, Nusle, Hvězdova 1716/2b, PSČ 140 78
Den zápisu: 26.července 2010
V Praze dne 26.července 2010
Za správnost vyhotovení: Hofmannová Gabriela
</D:SU>
</D:S>
</D:V>
<D:Pocet_zaznamu>1</D:Pocet_zaznamu>
</are:Odpoved>
</are:Ares_odpovedi>
