<?xml version="1.0" encoding="UTF-8"?>
<are:Ares_dotazy
        xmlns:are="http://wwwinfo.mfcr.cz/ares/xml_doc/schemas/ares/ares_request_rzp/v_1.0.4"
        xmlns:xsi="http://www.w3.org/2001/XMLSchema-instance"
        xsi:schemaLocation="http://wwwinfo.mfcr.cz/ares/xml_doc/schemas/ares/ares_request_rzp/v_1.0.4
 http://wwwinfo.mfcr.cz/ares/xml_doc/schemas/ares/ares_request_rzp/v_1.0.4/ares_request_rzp_v_1.0.4.xsd"
        vystup_format="XML"
        Id="Ares_dotaz"
        user_mail="vas@email.cz"
        dotaz_datum_cas="2007-08-17T06:40:47"
        validation_XSLT="http://wwwinfo.mfcr.cz/ares/xml_doc/schemas/ares/ares_request_orrg/v_1.0.0/ares_request_orrg.xsl"
        answerNamespaceRequired="http://wwwinfo.mfcr.cz/ares/xml_doc/schemas/ares/ares_answer_rzp/v_1.0.5"
        dotaz_typ="Vypis_RZP"
        dotaz_pocet="2">
<are:Dotaz>
<are:Pomocne_ID>1</are:Pomocne_ID>
<are:ICO>27074358</are:ICO>
</are:Dotaz>
<are:Dotaz>
<are:Pomocne_ID>2</are:Pomocne_ID>
<are:ICO>00025500</are:ICO>
</are:Dotaz>
</are:Ares_dotazy>
